NNDQE,SkJ3W
NEDQE,YSDl7
NENEN,/wb+u
NEEND,xJ1xf
NEDDE,8COT7
NEEEE,W5liT
NNEQE,it4U6
NNQQE,UUD4E
NEENQ,1y2/2
NNQEE,JZqxl
NNEND,niiSS
NEEEN,QnGag
NEEDN,HTAsb
NNEDQ,HpjY4
NEEQE,kdrYk
NEEDE,A45b6
NNEDD,FMeUf
NEDNQ,2zCW2
NNEEN,GsyqN
NEEED,xq9Au
NNDEN,RQFeb
NNQNE,UB8RJ
NENDD,A7mRM
NEDNE,1MSkA
NNEED,W287i
NNEQN,hDAEa
NEEDD,ISzY8
NNEDE,bhOQJ
NEEQQ,jtLyH
NENDQ,Utd78
NNQEQ,2YGHk
NNQQQ,iGati
NNQDN,79GWe
NNQED,s7qfz
NEEEQ,0UsO0
NENEQ,FZyhC
NEQNN,MCdTn
NENQD,K1lcJ
NNNED,H3a7d
NNEEQ,XD6RZ
NENNE,ls5JP
NEDEQ,J++uW
NNEEE,iZQMK
NEQEQ,gec2Y
NEEDQ,opOtU
NENQE,94nKX
NENEE,lIkhG
NEDED,cSWoe
NEDEE,1qQjA
NEENE,8AI60
NENDE,HgX0Q
NNENN,4Muw3
NNDNN,uBiEk
NEDDQ,t4gNN
NENED,XHzV3
NNQDQ,XqHV/
NNENE,6QS5p
NEQEN,BJduf
NNNQQ,HsNO9
NEQNE,jvDCj
NEDQQ,tAe/W
NENQN,QMmUf
NEQED,jssQo
NNNDE,pByTf
NNDEE,zAyP5
NNDND,x8611
NNEQD,r1RVk
NENDN,l3FUV
NENND,Bttbx
NNDDE,pn4ow
NNNDN,PSA58
NNNEE,E6joO
NNNNE,TaVhc
NNNQN,c7af9
NEDNN,YDUzD
NNQDD,LfOsv
NNNEN,nYVra
NNDQD,V6k6W
NNQQD,YicBL
NNEDN,Oj/U1
NEQQE,/1fwV
NNDED,xzmkM
NNQDE,367DG
NEQEE,9AC+2
NNNND,qdCTb
NEDEN,iRsp/
NNNEQ,rpRVg
NNDEQ,gb384
NEDQD,4nZPb
NEQDD,UgM41
NENNN,TjUK/
NENNQ,NDlsz
NEEQD,3Fqgm
NEEQN,67Vsq
NNNDD,Vjnk1
NNNDQ,8Fzs6
NNDDQ,JPcoJ
NNQEN,K2lLz
NNQNQ,UtDVn
NEDDD,bTaGz
NEQND,PJT76
NNDNQ,aMX4b
NEENN,5Hp8n
NEQNQ,gl7r8
NNQND,S4R2W
NNEQQ,NlyZ7
NNDDD,ak96p
NNQNN,U0gBV
NNDQQ,ByTK0
NNNNQ,i3wWl
NENQQ,H8BTq
NEQDE,uZxV3
NEDND,xqymu
NEQDQ,+ArMj
NNQQN,UXay8
NNNQE,gokV+
NNDDN,IEKXx
NNENQ,Q/52b
NNDNE,pDx+F
NNDQN,jFG2b
NEQQD,MME30
NEDDN,W1uqZ
NNNQD,EDNT0
NEDQN,Nw/0k
NEQDN,oGZDL
NNNNN,QUKCL
NEQQN,3NxEW
NEQQQ,gEesR
